<?xml version="1.0" encoding="utf-8"?>
<odoo>
    <data noupdate="1">
        
        <!-- Maintenance Request Sequence -->
        <record id="seq_maintenance_request" model="ir.sequence">
            <field name="name">Maintenance Request</field>
            <field name="code">maintenance.request</field>
            <field name="prefix">MR</field>
            <field name="padding">5</field>
            <field name="number_increment">1</field>
            <field name="number_next">1</field>
            <field name="implementation">standard</field>
        </record>
        
        <!-- Work Order Sequence -->
        <record id="seq_work_order" model="ir.sequence">
            <field name="name">Work Order</field>
            <field name="code">work.order</field>
            <field name="prefix">WO</field>
            <field name="padding">5</field>
            <field name="number_increment">1</field>
            <field name="number_next">1</field>
            <field name="implementation">standard</field>
        </record>
        
    </data>
</odoo>
