<?xml version="1.0" encoding="utf-8"?>
<odoo>
    <data noupdate="1">
        
        <record id="category_electrical" model="maintenance.category">
            <field name="name">Electrical</field>
            <field name="code">ELEC</field>
            <field name="sequence">10</field>
            <field name="color">1</field>
        </record>
        
        <record id="category_plumbing" model="maintenance.category">
            <field name="name">Plumbing</field>
            <field name="code">PLUMB</field>
            <field name="sequence">20</field>
            <field name="color">4</field>
        </record>
        
        <record id="category_hvac" model="maintenance.category">
            <field name="name">HVAC / Air Conditioning</field>
            <field name="code">HVAC</field>
            <field name="sequence">30</field>
            <field name="color">5</field>
        </record>
        
        <record id="category_carpentry" model="maintenance.category">
            <field name="name">Carpentry</field>
            <field name="code">CARP</field>
            <field name="sequence">40</field>
            <field name="color">7</field>
        </record>
        
        <record id="category_painting" model="maintenance.category">
            <field name="name">Painting</field>
            <field name="code">PAINT</field>
            <field name="sequence">50</field>
            <field name="color">6</field>
        </record>
        
        <record id="category_cleaning" model="maintenance.category">
            <field name="name">Cleaning</field>
            <field name="code">CLEAN</field>
            <field name="sequence">60</field>
            <field name="color">3</field>
        </record>
        
        <record id="category_general" model="maintenance.category">
            <field name="name">General Maintenance</field>
            <field name="code">GEN</field>
            <field name="sequence">70</field>
            <field name="color">0</field>
        </record>
        
        <record id="category_security" model="maintenance.category">
            <field name="name">Security Systems</field>
            <field name="code">SEC</field>
            <field name="sequence">80</field>
            <field name="color">2</field>
        </record>
        
        <record id="category_elevator" model="maintenance.category">
            <field name="name">Elevator</field>
            <field name="code">ELEV</field>
            <field name="sequence">90</field>
            <field name="color">8</field>
        </record>
        
        <record id="category_landscaping" model="maintenance.category">
            <field name="name">Landscaping</field>
            <field name="code">LAND</field>
            <field name="sequence">100</field>
            <field name="color">10</field>
        </record>
        
    </data>
</odoo>
