<?xml version="1.0" encoding="utf-8"?>
<odoo>
    <data noupdate="1">
        
        <!-- Create a note for the admin after installation -->
        <record id="property_maintenance_installation_note" model="mail.message">
            <field name="model">res.users</field>
            <field name="res_id" ref="base.user_admin"/>
            <field name="body"><![CDATA[
                <h3>Property Maintenance Module Installed Successfully! 🎉</h3>
                <p>To access the module:</p>
                <ol>
                    <li><b>Refresh your browser</b> (F5 or Ctrl+R)</li>
                    <li>Look for the <b>"Maintenance"</b> menu in the top navigation</li>
                    <li>If you don't see it, go to <b>Settings → Users</b></li>
                    <li>Edit your user and add the <b>"Maintenance Manager"</b> group</li>
                    <li>Then refresh the page</li>
                </ol>
                <p><b>Quick Start:</b></p>
                <ul>
                    <li>Maintenance → Configuration → Properties - Create your first property</li>
                    <li>Maintenance → Configuration → Teams - Set up your team</li>
                    <li>Maintenance → Requests - Create your first maintenance request</li>
                </ul>
                <p>Enjoy your new Property Maintenance Management system!</p>
            ]]></field>
            <field name="message_type">notification</field>
            <field name="subtype_id" ref="mail.mt_note"/>
        </record>
        
    </data>
</odoo>
